date,chemin,famille,impressions,clics,position,indexe
2026-09-28,`/`,autre,0,0,0.0,
2026-09-28,`/tarifs`,autre,0,0,0.0,
2026-09-28,`/fonctionnalites/recherche-annonces-automatisee`,autre,0,0,0.0,
2026-09-28,`/fonctionnalites/contact-multicanal`,autre,0,0,0.0,
2026-09-28,`/fonctionnalites/contact-vocal-automatique`,autre,0,0,0.0,
2026-09-28,`/fonctionnalites/crm-pipeline-vente`,autre,0,0,0.0,
2026-09-28,`/fonctionnalites/analyse-prix-marche`,autre,0,0,0.0,
2026-09-28,`/solutions/pige-automobile`,autre,0,0,0.0,
2026-09-28,`/solutions/mandataire-auto`,autre,0,0,0.0,
2026-09-28,`/solutions/marchand-vehicules-occasion`,comparison-page,0,0,0.0,
2026-09-28,`/comparatif-outils-pige-automobile`,comparison-page,0,0,0.0,
2026-09-28,`/blog`,autre,0,0,0.0,
2026-09-28,`/blog/prospection-automobile-methode`,foundational-article,0,0,0.0,
2026-09-28,`/blog/statistiques-annonces-voitures-occasion-particuliers-2026`,statistics-article,0,0,0.0,
2026-09-28,`/blog/crm-automobile-marchand-vo`,foundational-article,0,0,0.0,
2026-09-28,"`/conditions-utilisation`, `/confidentialite`, `/cookies`",autre,0,0,0.0,
2026-09-28,/blog/prospection-automobile-methode,foundational-article,0,0,0.0,
2026-09-28,/blog/statistiques-annonces-voitures-occasion-particuliers-2026,statistics-article,0,0,0.0,
2026-09-28,/blog/crm-automobile-marchand-vo,foundational-article,0,0,0.0,
