date,type,cible,url_listing,statut,dofollow_verifie,dr_source,cout_usd,note
2026-09-26,annuaire,alternative.me,https://alternative.me/,propose,,75,,proposée dans brief-2026-09-26
2026-09-26,annuaire,peerpush.net,https://peerpush.net/,propose,,73,,proposée dans brief-2026-09-26
2026-09-26,annuaire,softwareworld.co,https://www.softwareworld.co/,propose,,73,,proposée dans brief-2026-09-26
2026-09-26,annuaire,auraplusplus.com,https://auraplusplus.com/,propose,,72,,proposée dans brief-2026-09-26
2026-09-26,annuaire,foundrlist.com,https://foundrlist.com/,propose,,72,,proposée dans brief-2026-09-26
2026-09-26,annuaire,neeed.directory,https://neeed.directory/,propose,,72,,proposée dans brief-2026-09-26
2026-09-26,annuaire,tinylaunch.com,https://www.tinylaunch.com/,propose,,72,,proposée dans brief-2026-09-26
2026-09-26,annuaire,open-launch.com,https://open-launch.com/,propose,,71,,proposée dans brief-2026-09-26
2026-09-26,annuaire,sideprojectors.com,https://www.sideprojectors.com/,propose,,71,,proposée dans brief-2026-09-26
2026-09-26,annuaire,smollaunch.com,https://smollaunch.com/,propose,,70,,proposée dans brief-2026-09-26
2026-09-28,annuaire,devhunt.org,https://devhunt.org/,propose,,62,,proposée dans brief-2026-09-28
2026-09-28,annuaire,microlaunch.net,https://microlaunch.net/,propose,,61,,proposée dans brief-2026-09-28
2026-09-28,annuaire,superlaun.ch,https://www.superlaun.ch,propose,,61,,proposée dans brief-2026-09-28
2026-09-28,annuaire,toolfio.com,https://toolfio.com/,propose,,60,,proposée dans brief-2026-09-28
2026-09-28,annuaire,fridayhunt.com,https://fridayhunt.com/,propose,,59,,proposée dans brief-2026-09-28
2026-09-28,annuaire,huzzler.so,https://huzzler.so/,propose,,59,,proposée dans brief-2026-09-28
2026-09-28,annuaire,indiehunt.io,https://indiehunt.io/,propose,,59,,proposée dans brief-2026-09-28
2026-09-28,annuaire,earlyhunt.com,https://earlyhunt.com/,propose,,58,,proposée dans brief-2026-09-28
2026-09-28,annuaire,unitelist.com,https://unitelist.com/,propose,,56,,proposée dans brief-2026-09-28
2026-09-28,annuaire,saashunt.best,https://saashunt.best/,propose,,55,,proposée dans brief-2026-09-28
